品名,會員價
麥卡倫12年雪莉單桶單一純麥威士忌700ml,"會員價 NT$2,330/瓶"
麥卡倫15年雪莉雙桶單一純麥威士忌700ml,"會員價 NT$3,550/瓶"
限量麥卡倫2021A Night On Earth春宴【威士,"會員價 NT$3,500/瓶"
限量麥卡倫2022A Night On Earth春宴系列威,"會員價 NT$3,500/瓶"
麥卡倫18年黃金三桶單一純麥威士忌700ml,"會員價 NT$12,800/瓶"
麥卡倫絢麗系列M2020單一純麥威士忌700ml,"會員價 NT$170,000/瓶"
麥卡倫12年雪莉雙桶單一純麥威士忌700ml,"會員價 NT$1,550/瓶"
麥卡倫Edition-No.2單一純麥威士忌700ml,"會員價 NT$17,880/瓶"
麥卡倫御黑Aera單一純麥威士忌700ml,"會員價 NT$4,500/瓶"
麥卡倫藍天Quest單一純麥威士忌1000ml,"會員價 NT$2,599/瓶"
(麥卡倫)2018Classic Cut威士忌700ml,"會員價 NT$13,500/瓶"
(麥卡倫)2020Classic Cut威士忌750ml,"會員價 NT$12,500/瓶"
(麥卡倫)2019Classic Cut威士忌700ml,"會員價 NT$13,000/瓶"
麥卡倫Edition-No.6單一純麥威士忌700ml,"會員價 NT$9,999/瓶"
麥卡倫赤木Terra單一純麥威士忌700ml,"會員價 NT$4,999/瓶"
麥卡倫湛藍Enigma單一純麥威士忌700ml,會員價 請 電 洽
麥卡倫攝影大師第七代限量款單一純麥威士忌700ml,"會員價 NT$115,000/瓶"
麥卡倫Estate莊園大麥限量款單一純麥威士忌700ml,"會員價 NT$18,999/瓶"
麥卡倫Concept Number No.2單一純麥威士忌,"會員價 NT$9,999/瓶"
麥卡倫Sir Peter Blake限量版單一純麥威士忌,"會員價 NT$65,000/瓶"
麥卡倫Concept Number No.3單一純麥威士忌,"會員價 NT$15,000/瓶"
麥卡倫2021Classic Cut威士忌700ml,"會員價 NT$8,999/瓶"
(麥卡倫)12年雪莉雙桶單一純麥威士忌1750ml,"會員價 NT$8,500/瓶"
麥卡倫30年2022新版木盒雪莉桶單一純麥威士忌700ml,"會員價 NT$177,000/瓶"
麥卡倫18年雪莉雙桶2023單一純麥威士忌700ml,"會員價 NT$8,999/瓶"
麥卡倫30年雪莉雙桶2022單一純麥威士忌700ml,"會員價 NT$139,999/瓶"
麥卡倫Harmony系列Intense Arabica威士忌,"會員價 NT$5,499/瓶"
麥卡倫Rare Cask2022年度珍藏系列威士忌,"會員價 NT$9,500/瓶"
麥卡倫Rare Cask2023年度珍藏系列威士忌,"會員價 NT$9,500/瓶"
麥卡倫2023Classic Cut威士忌700ml,"會員價 NT$3,999/瓶"
麥卡倫2024Classic Cut威士忌700ml,"會員價 NT$3,999/瓶"
麥卡倫18年雪莉桶2024單一純麥威士忌700ml,"會員價 NT$11,500/瓶"
麥卡倫Harmony系列Amber Meadow威士忌,"會員價 NT$5,499/瓶"
麥卡倫2023A Night On Earth春宴系列威士忌,"會員價 NT$3,500/瓶"
麥卡倫12年臻彩系列Colour單一麥芽威士忌700ml*,"會員價 NT$2,499/瓶"
麥卡倫200週年時空之旅大師工藝單一麥芽威士忌700ml,會員價 請 電 洽
麥卡倫200週年A Night On Earth春宴威士忌,"會員價 NT$3,499/瓶"
麥卡倫Harmony系列太陽橡木Vibrant Oak威士忌,"會員價 NT$5,499/瓶"
百富12年雙桶單一純麥威士忌【700ml】,"會員價 NT$1,248/瓶"
百富21年波特桶單一純麥威士忌700ml,"會員價 NT$5,499/瓶"
百富14年加勒比海蘭姆桶單一純麥威士忌700ml,"會員價 NT$1,748/瓶"
百富30年單一純麥威士忌700ml,"會員價 NT$58,888/瓶"
百富18年PX雪莉桶單一純麥威士忌700ml,"會員價 NT$5,499/瓶"
百富故事系列12年美國糖心桶單一純麥威士忌700ml,會員價 請 電 洽
百富故事系列14年泥煤週單一純麥威士忌700ml,會員價 請 電 洽
百富故事Story a Classic單一純麥威士忌700m,"會員價 NT$1,599/瓶"
百富15年馬德拉桶單一純麥威士忌700ml,"會員價 NT$2,799/瓶"
百富故事系列19年泥煤週單一純麥威士忌700ml,"會員價 NT$6,999/瓶"
皇家禮炮38年命運之石調和威士忌500ml,"會員價 NT$29,500/瓶"
皇家禮炮23年限定款調和威士忌【700ml】,"會員價 NT$3,598/瓶"
皇家禮炮21年調和威士忌1000ml,"會員價 NT$3,598/瓶"
皇家禮炮21年調和威士忌3000ml,"會員價 NT$14,500/瓶"
皇家禮炮21年(藍)調和威士忌700ml,"會員價 NT$2,648/瓶"
皇家禮炮21年(綠)純麥威士忌【700ml】,"會員價 NT$2,848/瓶"
皇家禮炮25年調和威士忌700ml,會員價 請 電 洽
皇家禮炮21年阿根廷馬球限量版調和威士忌700ml,"會員價 NT$4,599/瓶"
皇家禮炮21年印度馬球限量版調和威士忌【700ml】,"會員價 NT$4,599/瓶"
皇家禮炮21年(黑)迷失調和威士忌700ml,會員價 請 電 洽
皇家禮炮21年王者之鑽威士忌【700ml】,"會員價 NT$2,498/瓶"
皇家禮炮新奢時尚限量系列藍玫瑰限定版月夜黑700ml,"會員價 NT$11,999/瓶"
皇家禮炮30年王國之匙調和威士忌500ml,"會員價 NT$10,499/瓶"
皇家禮炮24年干邑桶亞洲限定版調和威士忌700ml,"會員價 NT$4,599/瓶"
皇家禮炮26年阿瑪龍葡萄酒桶限定版調和威士忌700ml,"會員價 NT$13,000/瓶"
皇家禮炮21年邁阿密馬球限量版調和威士忌700ml,"會員價 NT$4,599/瓶"
皇家禮炮23年鳳舞光輝年節限定款調和威士忌禮盒700ml,"會員價 NT$3,748/瓶"
皇家禮炮21年獅耀璀璨年節限定版調和威士忌禮盒700ml,"會員價 NT$2,888/瓶"
皇家禮炮21年巴西里約馬球限量版調和威士忌【700ml】,"會員價 NT$4,298/瓶"
慕赫18年單一純麥威士忌700ml,會員價 請 電 洽
慕赫12年單一純麥威士忌【700ml】,"會員價 NT$1,298/瓶"
慕赫16年單一純麥威士忌700ml*,"會員價 NT$2,098/瓶"
慕赫12年四桶工藝台灣獨獻版單一純麥威士忌700ml,"會員價 NT$1,398/瓶"
慕赫20年單一純麥威士忌700ml,會員價 請 電 洽
慕赫14年限定版單一純麥威士忌700ml,"會員價 NT$1,950/瓶"
大摩12年單一純麥威士忌700ml,"會員價 NT$1,348/瓶"
大摩15年單一純麥威士忌【700ml】,"會員價 NT$2,398/瓶"
大摩15年單一純麥威士忌1000ml,"會員價 NT$3,299/瓶"
大摩亞歷山大KA3單一純麥威士忌700ml,會員價 請 電 洽
大摩18年2022版單一純麥威士忌700ml,"會員價 NT$6,999/瓶"
大摩18年2023版單一純麥威士忌700ml,"會員價 NT$6,999/瓶"
大摩18年舊版單一純麥威士忌700ml,會員價 請 電 洽
大摩Quartet四重奏單一純麥威士忌1000ml,"會員價 NT$2,699/瓶"
大摩Trio三重奏單一純麥威士忌【1000ml】,"會員價 NT$2,299/瓶"
大摩12年雪莉三桶顯赫紫樽單一純麥威士忌700ml,"會員價 NT$1,598/瓶"
約翰走路金牌18年調和威士忌【750ml】,"會員價 NT$1,599/瓶"
約翰走路紅牌調和威士忌【1000ml】,會員價 NT$499/瓶
約翰走路尊豪調和威士忌700ml,會員價 NT$899/瓶
約翰走路尊爵調和威士忌750ml,會員價 請 電 洽
約翰走路黑牌12年調和威士忌1000ml,會員價 NT$698/瓶
約翰走路黑牌12年調和威士忌【700ml】,會員價 NT$549/瓶
約翰走路綠牌15年調和純麥威士忌700ml,會員價 請 電 洽
約翰走路黑牌12年雪莉炸彈威士忌700ml,會員價 請 電 洽
約翰走路藍牌威士忌中樣酒200ml,會員價 NT$999/瓶
約翰走路XR21年調和威士忌【750ml】,"會員價 NT$2,298/瓶"
約翰走路藍牌蘇格蘭調和威士忌【700ml】,"會員價 NT$3,298/瓶"
約翰走路DoubleBlack調和威士忌1000ml,會員價 NT$849/瓶
約翰走路金牌珍藏調和威士忌1000ml,"會員價 NT$1,198/瓶"
約翰走路藍牌蘇格蘭調和威士忌1000ml*,"會員價 NT$4,380/瓶"
約翰走路冰與火之歌White Walker威士忌1000ml,會員價 NT$698/瓶
約翰走路15年封-蜜雪莉桶調和純麥威士忌700ml,會員價 請 電 洽
約翰走路XR23年調和威士忌750ml,"會員價 NT$3,298/瓶"
約翰走路XR19年東南亞限定調和威士忌【750ml】,"會員價 NT$1,999/瓶"
約翰走路金牌珍藏璀璨2.0限定版調和威士忌1000ml,"會員價 NT$1,399/瓶"
格蘭菲迪12年單一純麥威士忌1000ml,會員價 請 電 洽
格蘭菲迪12年單一純麥威士忌700ml,會員價 NT$798/瓶
格蘭菲迪12年天使雪莉單一純麥威士忌700ml,會員價 NT$798/瓶
格蘭菲迪15年單一純麥威士忌700ml,會員價 NT$998/瓶
格蘭菲迪特選桶單一純麥威士忌1000ml,會員價 請 電 洽
格蘭菲迪珍藏桶單一純麥威士忌1000ml,會員價 請 電 洽
格蘭菲迪15年酒廠限定版單一純麥威士忌1000ml,"會員價 NT$1,999/瓶"
格蘭菲迪實驗室NO.1精釀啤酒IPA風味桶威士忌700ml,會員價 請 電 洽
格蘭菲迪22年璀璨系列雪莉酒桶單一純麥威士忌700m,會員價 請 電 洽
格蘭菲迪首席調酒師限定版單一純麥威士忌700ml,"會員價 NT$1,299/瓶"
格蘭菲迪23年璀璨珍藏單一純麥威士忌700ml,會員價 請 電 洽
格蘭菲迪非凡永恆臻選系列VAT01單一麥芽威士忌1000ml,"會員價 NT$1,399/瓶"
格蘭菲迪非凡永恆臻選VAT02單一麥芽威士忌【1000ml*,"會員價 NT$1,699/瓶"
格蘭菲迪14年波本桶珍藏單一麥芽威士忌700ml*,"會員價 NT$1,499/瓶"
山崎18年單一純麥威士忌700ml,"會員價 NT$28,000/瓶"
山崎12年單一純麥威士忌700ml,"會員價 NT$4,999/瓶"
山崎12年100週年紀念版單一麥芽威士忌700ml,"會員價 NT$7,700/瓶"
新山崎單一純麥威士忌700ml,"會員價 NT$2,799/瓶"
山崎The Kogei和服限定版單一麥芽威士忌700ml,"會員價 NT$6,999/瓶"
響17年調和純麥威士忌700ml,會員價 請 電 洽
響21年調和純麥威士忌700ml,"會員價 NT$22,000/瓶"
響Japanese Harmony調和威士忌700ml,"會員價 NT$2,199/瓶"
響大師精選Master Select調和威士忌700ml,"會員價 NT$2,999/瓶"
響Blenders Choice調和威士忌700ml,"會員價 NT$5,300/瓶"
響2021百花流水年度限定版調和威士忌700m,"會員價 NT$22,500/瓶"
余市10年單一純麥威士忌700ml,"會員價 NT$4,999/瓶"
新余市單一純麥威士忌700ml*,"會員價 NT$1,599/瓶"
余市木質香草風味桶單一純麥威士忌500ml(黃),"會員價 NT$4,500/瓶"
余市泥煤鹹味風味桶單一純麥威士忌500ml(藍),"會員價 NT$4,500/瓶"
余市蒸餾所酒廠限定調和威士忌500ml,"會員價 NT$2,999/瓶"
余市Discovery第一版無泥煤單一純麥威士忌700mll,"會員價 NT$8,888/瓶"
波摩25年單一純麥威士忌700ml,"會員價 NT$16,800/瓶"
波摩12年單一純麥威士忌700ml,會員價 NT$798/瓶
波摩18年單一純麥威士忌【700ml】,"會員價 NT$2,799/瓶"
波摩10年單一純麥威士忌1000ml,會員價 請 電 洽
波摩15年單一純麥威士忌1000ml,會員價 請 電 洽
波摩15年過雪莉桶單一純麥威士忌【700ml】,"會員價 NT$1,498/瓶"
波摩AstonMartin聯名10年單一純麥 1000ml,"會員價 NT$2,299/瓶"
波摩Aston Martin聯名15年單一純麥威士忌,"會員價 NT$3,799/瓶"
波摩Aston Martin聯名21年單一純麥威士忌,"會員價 NT$33,000/瓶"
格蘭路思25年單一純麥威士忌700ml,"會員價 NT$15,999/瓶"
格蘭路思極絢之淬42年單一純麥威士忌700ml,"會員價 NT$275,000/瓶"
格蘭路思30年單一純麥威士忌700ml,"會員價 NT$33,500/瓶"
格蘭路思1999單桶原酒威士忌#8196,"會員價 NT$12,000/瓶"
格蘭路思1999單桶原酒威士忌#1433,"會員價 NT$12,000/瓶"
格蘭路思2001單桶原酒威士忌#1984,"會員價 NT$8,400/瓶"
格蘭路思2004-16年單桶原酒威士忌#8416,"會員價 NT$7,320/瓶"
格蘭路思18年時淬之藝單一麥芽威士忌700ml,"會員價 NT$3,490/瓶"
格蘭路思25年時淬之藝單一麥芽威士忌700ml,"會員價 NT$15,999/瓶"
